Score,Title,Company,Location,Type,Link,Posted,ScoredBy,Source,ScannedAt
100,Export Compliance Analyst,Anduril Industries,"Costa Mesa, CA",,https://www.linkedin.com/jobs/view/4387205973,2026-03-18,llm,GRC / Compliance / Controls — LA area,2026-03-26 16:51
100,Security & Compliance Analyst,DNSFilter,"Tampa, FL",,https://www.linkedin.com/jobs/view/4389964251,2026-03-25,llm,Tech Risk / Compliance Analyst (US),2026-03-30 10:39
100,IT Compliance Analyst,"Americold Logistics, LLC.","Atlanta, GA",,https://www.linkedin.com/jobs/view/4368790882,2026-03-27,llm,SOX / GRC (US),2026-03-30 11:33
100,Internal Controls Analyst,HNI Corporation,"Grand Rapids, MI",,https://www.linkedin.com/jobs/view/4391954120,2026-03-27,llm,SOX / GRC (US),2026-03-30 11:33
100,Senior Analyst - Internal Audit & Risk,Spotify,"New York, NY",,https://www.linkedin.com/jobs/view/4372176079,2026-03-27,llm,SOX / GRC (US),2026-03-30 11:33
100,"Audit Manager - Torrance, CA",Cherry Bekaert,"Torrance, CA",,https://www.linkedin.com/jobs/view/4372154908,2026-03-27,llm,GRC / Compliance / Controls — LA area,2026-03-30 11:33
100,"Sr Auditor, IT Audit",PayPal,"Austin, TX",,https://www.linkedin.com/jobs/view/4348244879,2026-03-27,llm,Core IT Audit (US),2026-03-30 11:33
100,"Sr Mgr, Information Security & IT GRC",Volkswagen Financial Services | U.S.,"Virginia, United States",,https://www.linkedin.com/jobs/view/4391750122,2026-03-27,llm,Core IT Audit (US),2026-03-30 11:33
100,"Governance, Risk & Compliance (GRC) Analyst",Alignerr,"Miami, FL",,https://www.linkedin.com/jobs/view/4392028489,2026-03-28,llm,SOX / GRC (US),2026-03-30 11:32
100,Cyber - SAP Security and GRC Access & Process Control Senior Consultant,Deloitte,"Los Angeles, CA",,https://www.linkedin.com/jobs/view/4392047853,2026-03-28,llm,IT Audit — Los Angeles area,2026-03-30 11:32
100,"VP, IT Internal Audit Manager","Capital Bank, N.A.","Rockville, MD",,https://www.linkedin.com/jobs/view/4380294802,2026-03-28,llm,Tech Risk / Compliance Analyst (US),2026-03-30 11:32
100,SOX Tester,SPECTRAFORCE,"Oakland, CA",,https://www.linkedin.com/jobs/view/4389784986,2026-03-29,llm,Core IT Audit (US),2026-03-30 11:32
100,Audit Manager,Haskell & White LLP,"Irvine, CA",,https://www.linkedin.com/jobs/view/4194413904,2026-03-29,llm,GRC / Compliance / Controls — LA area,2026-03-30 11:32
100,DIRECTOR OF INTERNAL AUDIT,Nicsa,"Santa Ana, CA",,https://www.linkedin.com/jobs/view/4391925595,2026-03-26,llm,IT Audit — Los Angeles area,2026-03-30 11:35
100,Internal Audit Associate,Ignited Recruiting,"Los Angeles, CA",,https://www.linkedin.com/jobs/view/4389773559,2026-03-24,llm,IT Audit / GRC — Orange County,2026-03-30 11:37
100,IT Auditor,North Carolina State University,Remote,,https://www.linkedin.com/jobs/view/4388570921,2026-03-23,llm,Core IT Audit (US),2026-03-30 11:37
100,Audit Senior,Jobot,"Burbank, CA",,https://www.linkedin.com/jobs/view/4388051890,2026-03-24,llm,GRC / Compliance / Controls — LA area,2026-03-30 11:37
100,Director IT Internal Audit,CNM LLP,"Los Angeles, CA",,https://www.linkedin.com/jobs/view/4389944022,2026-03-24,llm,IT Audit — Los Angeles area,2026-03-30 11:37
100,Associate Manager – IT SOX & ITGC,Russell Tobin,"Chicago, IL",,https://www.linkedin.com/jobs/view/4389759848,2026-03-24,llm,SOX / GRC (US),2026-03-30 11:37
100,IT Audit - Staff,Montcure LLC,"Washington, DC",,https://www.linkedin.com/jobs/view/4389823993,2026-03-24,llm,Core IT Audit (US),2026-03-30 11:37
100,"IT Staff Auditor, Internal Audit",Forbright Bank,"Chevy Chase, MD",,https://www.linkedin.com/jobs/view/4384870838,2026-03-24,llm,Core IT Audit (US),2026-03-30 11:37
100,(Remote) Compliance Analyst,RSC Solutions,"Los Angeles, CA",,https://www.linkedin.com/jobs/view/4389577318,2026-03-24,llm,IT Audit — Los Angeles area,2026-03-30 11:36
100,Audit Manager - Assurance & Advisory - Government & Nonprofits,Jobot,"Irvine, CA",,https://www.linkedin.com/jobs/view/4389195404,2026-03-25,llm,GRC / Compliance / Controls — LA area,2026-03-30 11:36
100,"Analyst, IT Governance",Navitus Health Solutions,Remote,,https://www.linkedin.com/jobs/view/4390627941,2026-03-25,llm,Core IT Audit (US),2026-03-30 11:36
100,"Director, Technology Audit & Controls",Buckingham Search,"Chicago, IL",,https://www.linkedin.com/jobs/view/4390387617,2026-03-25,llm,Tech Risk / Compliance Analyst (US),2026-03-30 11:35
100,"Senior Analyst, Information Security Governance, Risk, & Compliance",AltaMed Health Services,"Commerce, CA",,https://www.linkedin.com/jobs/view/4379243440,2026-03-21,llm,Core IT Audit (US),2026-03-30 11:38
100,IT Audit & Compliance Analyst,Marcus & Millichap,"Portland, OR",,https://www.linkedin.com/jobs/view/4369990015,2026-03-22,llm,Tech Risk / Compliance Analyst (US),2026-03-30 10:41
100,Cyber - SAP Security and GRC Access Consultant,Deloitte,"Los Angeles, CA",,https://www.linkedin.com/jobs/view/4392048820,2026-03-28,llm,IT Audit — Los Angeles area,2026-03-30 10:35
100,Internal Audit Manager – Financial Crimes Compliance,Crowe,"Los Angeles, CA",,https://www.linkedin.com/jobs/view/4388741516,2026-03-21,llm,IT Audit — Los Angeles area,2026-03-30 10:41
100,Manager – SOX and Projects,Darling Ingredients,"Irving, TX",,https://www.linkedin.com/jobs/view/4389015420,2026-03-22,llm,SOX / GRC (US),2026-03-30 10:41
100,"Senior Manager, IT Audit & SOX Compliance",Navan,"San Francisco, CA",,https://www.linkedin.com/jobs/view/4389283067,2026-03-23,llm,SOX / GRC (US),2026-03-30 10:41
100,Senior Internal Audit Associate,Atlantic Group,"Boston, MA",,https://www.linkedin.com/jobs/view/4389098895,2026-03-23,llm,Controls / Internal Audit (US),2026-03-30 10:41
100,Internal Audit Technology - Associate,Nomura,"New York, NY",,https://www.linkedin.com/jobs/view/4386625569,2026-03-23,llm,Controls / Internal Audit (US),2026-03-30 10:41
100,Director of Internal Audit,Robert Half,"Santa Clarita, CA",,https://www.linkedin.com/jobs/view/4387433587,2026-03-18,llm,IT Audit — Los Angeles area,2026-03-26 16:46
100,IT Compliance Analyst,MGM Resorts International,Remote,,https://www.linkedin.com/jobs/view/4392008856,2026-03-28,llm,Tech Risk / Compliance Analyst (US),2026-03-30 10:35
100,Senior Security GRC Analyst,Lambda,"San Jose, CA",,https://www.linkedin.com/jobs/view/4341181718,2026-03-28,llm,SOX / GRC (US),2026-03-30 10:35
100,Head of Internal Audit & SOX,Asana,"San Francisco, CA",,https://www.linkedin.com/jobs/view/4385065321,2026-03-18,llm,SOX / GRC (US),2026-03-26 16:55
100,"Experienced Associate, Risk Consulting - Internal Audit and SOX",RSM US LLP,"Irvine, CA",,https://www.linkedin.com/jobs/view/4296269707,2026-03-21,llm,IT Audit / GRC — Orange County,2026-03-26 16:37
100,"Sr. Software Engineer, ES&D HV SoX & Controls",Rivian and Volkswagen Group Technologies,"Irvine, CA",,https://www.linkedin.com/jobs/view/4379128821,2026-03-24,llm,IT Audit — Los Angeles area,2026-03-26 16:35
100,Audit Manager - Financial Services,Weaver,"Los Angeles, CA",,https://www.linkedin.com/jobs/view/4248453753,2026-03-20,llm,GRC / Compliance / Controls — LA area,2026-03-26 16:38
100,"Senior Analyst, IT Risk",CardWorks,Remote,,https://www.linkedin.com/jobs/view/4387704433,2026-03-19,llm,Core IT Audit (US),2026-03-26 16:41
100,SOX IT Controls Lead,Stripe,"Seattle, WA",,https://www.linkedin.com/jobs/view/4365551880,2026-03-27,llm,Controls / Internal Audit (US),2026-03-30 10:36
100,IT & Compliance Manager,Arrive AI,"Fishers, IN",,https://www.linkedin.com/jobs/view/4391785632,2026-03-27,llm,Core IT Audit (US),2026-03-30 10:36
100,SOX IT Analyst,hims & hers,Remote,,https://www.linkedin.com/jobs/view/4338963871,2026-03-25,llm,SOX / GRC (US),2026-03-30 10:38
100,"AVP, IT Internal Audit Supervisor",Solugenix,"El Monte, CA",,https://www.linkedin.com/jobs/view/4390372174,2026-03-25,llm,GRC / Compliance / Controls — LA area,2026-03-30 10:39
100,Internal Audit Director,Robert Half,"San Fernando, CA",,https://www.linkedin.com/jobs/view/4390604784,2026-03-25,llm,IT Audit — Los Angeles area,2026-03-30 10:39
90,IT SOX Compliance Specialist,Stellantis,"Auburn Hills, MI",,https://www.linkedin.com/jobs/view/4389467139,2026-03-24,llm,Core IT Audit (US),2026-03-30 11:37
90,IT Security and Compliance Specialist,HellermannTyton North America,"Milwaukee, WI",,https://www.linkedin.com/jobs/view/4390267935,2026-03-25,llm,Core IT Audit (US),2026-03-30 11:36
90,IT Risk Management Lead,Covenant HR,Remote,,https://www.linkedin.com/jobs/view/4387867114,2026-03-19,llm,Tech Risk / Compliance Analyst (US),2026-03-26 16:39
90,"Senior Analyst, Cyber Governance, Risk and Compliance (GRC)",H.I.G. Capital,"Coral Gables, FL",,https://www.linkedin.com/jobs/view/4387507786,2026-03-23,llm,SOX / GRC (US),2026-03-30 11:37
90,"Sr. Director, Global SOX Compliance","Super Micro Computer Spain, S.L.","San Jose, CA",,https://www.linkedin.com/jobs/view/4390056442,2026-03-25,llm,SOX / GRC (US),2026-03-30 11:35
90,SOX Compliance Analyst Sr,Tampa Electric,"Tampa, FL",,https://www.linkedin.com/jobs/view/4388516751,2026-03-20,llm,SOX / GRC (US),2026-03-26 16:38
90,IT Audit Director,Old National Bank,"Chicago, IL",,https://www.linkedin.com/jobs/view/4391121251,2026-03-26,llm,Core IT Audit (US),2026-03-30 11:35
90,IT Compliance Analyst,Kelly,"Greenville, SC",,https://www.linkedin.com/jobs/view/4389285709,2026-03-23,llm,Tech Risk / Compliance Analyst (US),2026-03-26 16:37
90,Purchasing Compliance Analyst,Rehlko,"Kohler, WI",,https://www.linkedin.com/jobs/view/4388746092,2026-03-21,llm,Tech Risk / Compliance Analyst (US),2026-03-30 10:41
90,"Senior Analyst, SOX Compliance","GXO Logistics, Inc.","North Carolina, United States",,https://www.linkedin.com/jobs/view/4389770237,2026-03-24,llm,SOX / GRC (US),2026-03-30 10:39
90,"Director, Internal Audit",Paramount,"Nashville, TN",,https://www.linkedin.com/jobs/view/4335369288,2026-03-25,llm,Core IT Audit (US),2026-03-30 10:38
90,Sr. Compliance Manager – Operational Risk Testing,KeyBank,"Atlanta, GA",,https://www.linkedin.com/jobs/view/4390758649,2026-03-26,llm,CISA required/preferred (US),2026-03-30 10:38
90,Information Technology Audit Manager,"Audit Data Search, Inc.",Remote,,https://www.linkedin.com/jobs/view/4389304356,2026-03-23,llm,Controls / Internal Audit (US),2026-03-30 10:40
90,Audit Manager - Compliance/ Sr. Audit Manager - Compliance,Trustmark Bank,"Atlanta, GA",,https://www.linkedin.com/jobs/view/4387534705,2026-03-24,llm,Controls / Internal Audit (US),2026-03-30 10:39
90,IT Auditor,Bessemer Trust,"Woodbridge, NJ",,https://www.linkedin.com/jobs/view/4355462516,2026-03-29,llm,CISA required/preferred (US),2026-03-30 10:35
90,Staff GRC Analyst (R3666),Shield AI,"San Diego, TX",,https://www.linkedin.com/jobs/view/4332079360,2026-03-27,llm,SOX / GRC (US),2026-03-30 10:36
90,"Executive Director, SOX Compliance",CVS Health,"Woonsocket, RI",,https://www.linkedin.com/jobs/view/4391516178,2026-03-27,llm,Tech Risk / Compliance Analyst (US),2026-03-30 11:33
90,Project Controls Analyst,ENTRUST Solutions Group,"Stockton, CA",,https://www.linkedin.com/jobs/view/4182800427,2026-03-27,llm,Controls / Internal Audit (US),2026-03-30 11:33
90,"Director, Internal Audit",White Cap,"Atlanta, GA",,https://www.linkedin.com/jobs/view/4391554598,2026-03-27,llm,Controls / Internal Audit (US),2026-03-30 11:33
90,Program Controls Analyst,Voyager Technologies,Remote,,https://www.linkedin.com/jobs/view/4371198838,2026-03-27,llm,Controls / Internal Audit (US),2026-03-30 11:33
90,Senior IT Risk & Controls Analyst – Information Security Contract Negotiations - Remote,Prime Therapeutics,"Minneapolis, MN",,https://www.linkedin.com/jobs/view/4365379099,2026-03-27,llm,Controls / Internal Audit (US),2026-03-30 11:34
90,Senior Auditor,Han Group LLC,"Virginia, United States",,https://www.linkedin.com/jobs/view/4388964678,2026-03-23,llm,Controls / Internal Audit (US),2026-03-26 16:37
90,Project Controls Analyst,"Eichleay, Inc.","Blaine, WA",,https://www.linkedin.com/jobs/view/4385489457,2026-03-19,llm,Controls / Internal Audit (US),2026-03-26 16:39
90,"Senior Data Audit Analyst, AI",Sompo,"New York, NY",,https://www.linkedin.com/jobs/view/4360100180,2026-03-22,llm,Controls / Internal Audit (US),2026-03-26 16:37
90,GRC Consultant,NetCov,Remote,,https://www.linkedin.com/jobs/view/4387822248,2026-03-19,llm,SOX / GRC (US),2026-03-26 16:39
90,Sr. IT Auditor,Cathay Bank,"El Monte, CA",,https://www.linkedin.com/jobs/view/4370608132,2026-03-25,llm,Core IT Audit (US),2026-03-26 16:35
90,IT Compliance Manager,Crinetics Pharmaceuticals,Remote,,https://www.linkedin.com/jobs/view/4370898800,2026-03-25,llm,Tech Risk / Compliance Analyst (US),2026-03-26 16:35
90,Director- IT Internal Audit Advisory,CNM LLP,Remote,,https://www.linkedin.com/jobs/view/4387999294,2026-03-20,llm,IT Audit — Los Angeles area,2026-03-26 16:38
90,"Governance, Risk & Compliance (GRC) Analyst",Alignerr,"Miami, FL",,https://www.linkedin.com/jobs/view/4388322152,2026-03-20,llm,SOX / GRC (US),2026-03-26 16:38
90,Project Controls Analyst,ANSER,"Arlington, VA",,https://www.linkedin.com/jobs/view/4386130902,2026-03-21,llm,Controls / Internal Audit (US),2026-03-26 16:37
90,Senior Auditor – CIO,U.S. Bank,"New York, NY",,https://www.linkedin.com/jobs/view/4389319889,2026-03-24,llm,Core IT Audit (US),2026-03-26 16:36
90,Audit Manager,Aldrich,"Brea, CA",,https://www.linkedin.com/jobs/view/4335516311,2026-03-20,llm,GRC / Compliance / Controls — LA area,2026-03-26 16:38
90,GRC/Data Privacy Specialist,Lendistry,"Tustin, CA",,https://www.linkedin.com/jobs/view/4385485438,2026-03-19,llm,IT Audit — Los Angeles area,2026-03-26 16:39
88,Security & Compliance Analyst,Edera L3C,"Remote, US","parttime, fulltime, contract",https://www.indeed.com/viewjob?jk=a6ecef1470b9c832,2026-03-25,,,
86,"IT Audit, Cybersecurity & Risk Advisory Consultant",Baker Tilly,"McLean, VA, US",fulltime,https://www.indeed.com/viewjob?jk=7ebce3c2348dcedd,2026-03-26,keyword,Core IT Audit (US),2026-03-26 19:09
83,REMOTE ROLE: IT SOX & ITGC Testing Lead,The Fountain Group,"Chicago, IL",,https://www.linkedin.com/jobs/view/4389757996,2026-03-24,keyword,Core IT Audit (US),2026-03-26 13:15
72,Senior IT Risk & Controls Analyst - Information Security Contract Negotiations - Remote,Lensa,"Denver, CO",,https://www.linkedin.com/jobs/view/4392366986,2026-03-30,keyword,Core IT Audit (US),2026-03-30 19:07
66,Senior SOX Compliance Analyst -ITGC,UGI Corporation,"King of Prussia, PA",,https://www.linkedin.com/jobs/view/4391768296,2026-03-27,keyword,SOX / GRC (US),2026-03-31 07:17
65,Senior Director Enterprise Architecture,NTT DATA,"TX, US",fulltime,https://www.indeed.com/viewjob?jk=6faad41a8de34f7b,2026-03-25,,,
63,IT Compliance Analyst – SOX / ITGC,Kelly,Remote,,https://www.linkedin.com/jobs/view/4389286608,2026-03-23,keyword,Core IT Audit (US),2026-03-27 02:11
63,Sr SOX Compliance Analyst - ITGC,UGI Corporation,Remote,,https://www.linkedin.com/jobs/view/4385464500,2026-03-19,keyword,SOX / GRC (US),2026-03-26 13:16
62,JSOX & Internal Control IT Auditor III,Nikkiso Clean Energy & Industrial Gases,"Huntington Beach, CA",,https://www.linkedin.com/jobs/view/4378061803,2026-03-19,keyword,GRC / Compliance / Controls — LA area,2026-03-26 16:42
57,"Associate Manager, IT SOX & IT General Controls (ITGC)",SSi People,"Cambridge, MA",,https://www.linkedin.com/jobs/view/4391048771,2026-03-26,keyword,SOX / GRC (US),2026-03-31 07:18
55,Senior IT Auditor,Beacon Hill,"Phoenix, AZ",,https://www.linkedin.com/jobs/view/4387122346,2026-03-18,keyword,SOX / GRC (US),2026-03-26 16:47
55,Senior Legislative IT Auditor I.,State of Colorado,"Denver, CO",,https://www.linkedin.com/jobs/view/4390665591,2026-03-25,keyword,Core IT Audit (US),2026-03-27 02:10
55,Senior IT Auditor,Five Star Bank,"Buffalo, NY",,https://www.linkedin.com/jobs/view/4379141247,2026-03-24,keyword,CISA required/preferred (US),2026-03-27 02:11
55,Senior IT Auditor,Federal Home Loan Bank of Indianapolis (FHLBI),"Indianapolis, IN",,https://www.linkedin.com/jobs/view/4378195401,2026-03-25,keyword,CISA required/preferred (US),2026-03-31 07:18
55,Senior IT Auditor,MetLife,"Cary, NC",,https://www.linkedin.com/jobs/view/4387337296,2026-03-29,keyword,Core IT Audit (US),2026-03-31 07:17
55,"IT Auditor, Senior",Qualcomm,"San Diego, CA",,https://www.linkedin.com/jobs/view/4322779533,2026-03-27,keyword,Core IT Audit (US),2026-03-31 07:18
55,Senior Internal IT Auditor,Pacific Gas and Electric Company,"Oakland, CA",,https://www.linkedin.com/jobs/view/4390966773,2026-03-27,keyword,Core IT Audit (US),2026-03-31 07:17
55,Senior IT Auditor,Invesco,"Atlanta, GA",,https://www.linkedin.com/jobs/view/4333181271,2026-03-29,keyword,Core IT Audit (US),2026-03-31 07:17
55,IT Audit/Compliance Specialist - 100% remote,Motion Recruitment,Remote,,https://www.linkedin.com/jobs/view/4384742305,2026-03-18,keyword,Core IT Audit (US),2026-03-26 16:55
55,Senior IT Auditor,Invesco,"Houston, TX",,https://www.linkedin.com/jobs/view/4333033239,2026-03-28,keyword,Core IT Audit (US),2026-03-31 02:11
53,Technology Internal Audit Lead,TikTok,"Los Angeles, CA",,https://www.linkedin.com/jobs/view/4366555526,2026-03-27,keyword,IT Audit — Los Angeles area,2026-03-31 07:17
53,"GRC Analyst (Governance, Risk, Compliance)/Technology Risk Analyst",PROLIM Corporation,"Plano, TX",,https://www.linkedin.com/jobs/view/4390470431,2026-03-26,keyword,SOX / GRC (US),2026-03-26 13:14
53,"Analyst, Senior GRC Information Security Analyst",Banc of California,"Santa Ana, CA",,https://www.linkedin.com/jobs/view/4390494634,2026-03-26,keyword,IT Audit — Los Angeles area,2026-03-31 07:18
52,Internal IT Auditor,Vernovis,"Cincinnati, OH",,https://www.linkedin.com/jobs/view/4389802687,2026-03-30,keyword,Core IT Audit (US),2026-03-31 07:17
52,IT Auditor,Robert Half,"Henrietta, NY",,https://www.linkedin.com/jobs/view/4390397979,2026-03-25,keyword,Core IT Audit (US),2026-03-31 07:18
52,Sr. IT Auditor,USANA Health Sciences,"Salt Lake City, UT",,https://www.linkedin.com/jobs/view/4391938648,2026-03-26,keyword,Core IT Audit (US),2026-03-31 07:18
52,IT Auditor,Microsoft,"Redmond, WA",,https://www.linkedin.com/jobs/view/4390887644,2026-03-26,keyword,Core IT Audit (US),2026-03-31 07:18
52,SOX IT Controls Lead,Stripe,"San Francisco, CA",,https://www.linkedin.com/jobs/view/4365633058,2026-03-27,keyword,SOX / GRC (US),2026-03-31 07:17
52,IT Auditor,GE HealthCare,"Chicago, IL",,https://www.linkedin.com/jobs/view/4388108520,2026-03-19,keyword,Core IT Audit (US),2026-03-26 16:41
52,IT Auditor,Vibotek LLC,"Austin, TX",,https://www.linkedin.com/jobs/view/4388314832,2026-03-20,keyword,Core IT Audit (US),2026-03-26 19:11
52,"Excel Data Project Manager with Heavy Excel, Data Analysis, in a SOX and Remediation and Vulnerability Management Environment 100% Remote",Zeektek,Remote,,https://www.linkedin.com/jobs/view/4390193659,2026-03-25,keyword,Controls / Internal Audit (US),2026-03-27 02:10
52,Sr IT Auditor,Lennar,"Irving, TX",,https://www.linkedin.com/jobs/view/4335412677,2026-03-19,keyword,Core IT Audit (US),2026-03-26 07:13
52,IT Auditor,NCCI,Remote,,https://www.linkedin.com/jobs/view/4385468212,2026-03-19,keyword,Core IT Audit (US),2026-03-26 13:16
52,Sr IT Auditor,Lennar,"Miami, FL",,https://www.linkedin.com/jobs/view/4335462746,2026-03-18,keyword,Core IT Audit (US),2026-03-26 16:54
51,Manager - IT Audit,WD,"Irvine, CA",,https://www.linkedin.com/jobs/view/4385480172,2026-03-19,keyword,IT Audit / GRC — Orange County,2026-03-26 16:43
51,Division SOX Compliance Analyst,Precision Castparts,"Kansas, United States",,https://www.linkedin.com/jobs/view/4365400303,2026-03-27,keyword,SOX / GRC (US),2026-03-30 19:07
51,SOX/ Internal Audit Manager,Silicon Valley Search Group,"Cupertino, CA",,https://www.linkedin.com/jobs/view/4388478788,2026-03-24,keyword,SOX / GRC (US),2026-03-30 19:08
51,SOX Compliance Analyst (Part Time),Webster Bank,"Hartford, CT",,https://www.linkedin.com/jobs/view/4371207764,2026-03-26,keyword,SOX / GRC (US),2026-03-27 02:10
48,Senior IT SOX Auditor,Focus Search LLC,"Portland, OR",,https://www.linkedin.com/jobs/view/4390993746,2026-03-27,keyword,SOX / GRC (US),2026-03-31 07:17
48,Lead GRC Analyst,"TherapyNotes, LLC",Remote,,https://www.linkedin.com/jobs/view/4390757652,2026-03-26,keyword,SOX / GRC (US),2026-03-27 02:10
47,Sr. Information Security GRC Analyst,Tire Rack,Remote,,https://www.linkedin.com/jobs/view/4390961542,2026-03-27,keyword,SOX / GRC (US),2026-03-31 07:17
47,Senior Third Party Risk Management Lead / GRC,Lensa,"Houston, TX",,https://www.linkedin.com/jobs/view/4390337086,2026-03-25,keyword,SOX / GRC (US),2026-03-26 02:08
47,"Senior Analyst, SOX Compliance",TalentAlly,Remote,,https://www.linkedin.com/jobs/view/4392936320,2026-03-30,keyword,SOX / GRC (US),2026-03-30 19:07
47,Information Security GRC Analyst,DeWinter Group,"San Jose, CA",,https://www.linkedin.com/jobs/view/4391926978,2026-03-26,keyword,SOX / GRC (US),2026-03-31 02:12
47,Staff IT Auditor,Henderson Scott US,"Stamford, CT",,https://www.linkedin.com/jobs/view/4387735435,2026-03-19,keyword,Core IT Audit (US),2026-03-26 07:13
47,Information Security GRC Analyst,AMISEQ,Remote,,https://www.linkedin.com/jobs/view/4391791038,2026-03-27,keyword,SOX / GRC (US),2026-03-31 07:17
46,Information Technology Audit Manager,SGS Consulting,Remote,,https://www.linkedin.com/jobs/view/4389830586,2026-03-24,keyword,SOX / GRC (US),2026-03-26 13:15
46,Information Technology Audit Manager,High Country Search Group,"Greeley, CO",,https://www.linkedin.com/jobs/view/4392991059,2026-03-30,keyword,CISA required/preferred (US),2026-03-31 07:17
46,"Internal Audit SVP, IT Audit",Jefferies,"New York, NY",,https://www.linkedin.com/jobs/view/4378655298,2026-03-20,keyword,Core IT Audit (US),2026-03-27 02:12
46,Identity & Access Governance & Controls Analyst (SOX & Compliance),HealthEquity,Remote,,https://www.linkedin.com/jobs/view/4371354547,2026-03-26,keyword,SOX / GRC (US),2026-03-27 02:10
45,"IT Audit Analyst - Erlanger, KY",ADM,"Erlanger, KY",,https://www.linkedin.com/jobs/view/4376450219,2026-03-18,keyword,Tech Risk / Compliance Analyst (US),2026-03-26 16:49
45,IT Audit Manager,Standard Motor Products,"New York, NY",,https://www.linkedin.com/jobs/view/4359157108,2026-03-20,keyword,Core IT Audit (US),2026-03-27 02:11
45,Internal Audit Manager,Panasonic North America,"Irvine, CA",,https://www.linkedin.com/jobs/view/4375580243,2026-03-20,keyword,IT Audit — Los Angeles area,2026-03-27 02:11
45,SOX Auditor Sr.,Huntington National Bank,"Dallas, TX",,https://www.linkedin.com/jobs/view/4388243537,2026-03-21,keyword,SOX / GRC (US),2026-03-27 02:11
45,SOX Analyst,Flywire,"Boston, MA",,https://www.linkedin.com/jobs/view/4382119502,2026-03-28,keyword,SOX / GRC (US),2026-03-31 07:17
45,SAP GRC Consultant,AgnesCole Consulting,Remote,,https://www.linkedin.com/jobs/view/4389064734,2026-03-30,keyword,SOX / GRC (US),2026-03-31 07:17
45,SOX Analyst,Robert Half,"Novi, MI",,https://www.linkedin.com/jobs/view/4390282017,2026-03-25,keyword,SOX / GRC (US),2026-03-31 07:18
45,IT Audit Manager,Talos Energy,"Houston, TX",,https://www.linkedin.com/jobs/view/4389451079,2026-03-24,keyword,Core IT Audit (US),2026-03-31 07:18
44,"GRC Analyst (Governance, Risk & Compliance)",OneRail,"Orlando, FL",,https://www.linkedin.com/jobs/view/4385761382,2026-03-20,keyword,SOX / GRC (US),2026-03-26 13:16
44,"Auditor, IT SOX Compliance",Rivian,"Atlanta, GA",,https://www.linkedin.com/jobs/view/4376450123,2026-03-18,keyword,SOX / GRC (US),2026-03-26 16:48
44,SOX Compliance Specialist | US,Deel,Remote,,https://www.linkedin.com/jobs/view/4371366685,2026-03-26,keyword,SOX / GRC (US),2026-03-31 07:18
44,"Sr. Manager, IT Governance, Risk and Compliance (GRC)","Amkor Technology, Inc.","Tempe, AZ",,https://www.linkedin.com/jobs/view/4391725225,2026-03-27,keyword,Core IT Audit (US),2026-03-31 07:17
44,SOX Compliance Specialist,V2X Inc,Remote,,https://www.linkedin.com/jobs/view/4382216508,2026-03-23,keyword,SOX / GRC (US),2026-03-27 02:11
44,SOX Compliance & Process Automation Analyst,10x Genomics,"Pleasanton, CA",,https://www.linkedin.com/jobs/view/4389914667,2026-03-24,keyword,SOX / GRC (US),2026-03-27 02:11
44,Manager-IT SOX Compliance,"Sunbelt Rentals, Inc.","Fort Mill, SC",,https://www.linkedin.com/jobs/view/4391526443,2026-03-27,keyword,SOX / GRC (US),2026-03-31 07:17
44,"GRC Analyst (Governance, Risk and Compliance)","ABCS, Inc.  IT Executive and Contingent Workforce Staffing","Phoenix, AZ",,https://www.linkedin.com/jobs/view/4392021316,2026-03-28,keyword,SOX / GRC (US),2026-03-31 07:17
43,Senior GRC Analyst,GTN Technical Staffing,"Houston, TX",,https://www.linkedin.com/jobs/view/4387965774,2026-03-20,keyword,SOX / GRC (US),2026-03-26 13:16
43,Senior GRC Analyst,Inceed,"Houston, TX",,https://www.linkedin.com/jobs/view/4388980021,2026-03-23,keyword,SOX / GRC (US),2026-03-27 02:11
43,Senior GRC Analyst,Roblox,"San Mateo, CA",,https://www.linkedin.com/jobs/view/4321322586,2026-03-30,keyword,SOX / GRC (US),2026-03-31 07:17
43,IT Governance and Risk Manager,Hyundai Capital America,"Irvine, CA",,https://www.linkedin.com/jobs/view/4392942419,2026-03-30,keyword,IT Audit — Los Angeles area,2026-03-31 07:17
43,Senior GRC Analyst,Robert Half,"Stamford, CT",,https://www.linkedin.com/jobs/view/4391578945,2026-03-27,keyword,SOX / GRC (US),2026-03-31 07:17
43,Senior GRC Analyst,Rockstar Games,"Manhattan, NY",,https://www.linkedin.com/jobs/view/4323556309,2026-03-29,keyword,SOX / GRC (US),2026-03-31 07:17
43,"Sr. Manager, Global SOX & Internal Audit",eBay,"Austin, TX",,https://www.linkedin.com/jobs/view/4385711239,2026-03-20,keyword,SOX / GRC (US),2026-03-26 13:16
43,Senior GRC Analyst,Summit 7,Remote,,https://www.linkedin.com/jobs/view/4391529569,2026-03-26,keyword,SOX / GRC (US),2026-03-31 07:18
41,"Sr. Director, SOX IT Compliance",Warner Bros. Discovery,"Burbank, CA",,https://www.linkedin.com/jobs/view/4381472224,2026-03-26,keyword,Tech Risk / Compliance Analyst (US),2026-03-31 07:18
41,Senior Information Technology Auditor,Waters Corporation,"Massachusetts, United States",,https://www.linkedin.com/jobs/view/4389590654,2026-03-24,keyword,Core IT Audit (US),2026-03-31 07:18
40,IT Risk and Controls Analyst,Myriad Genetics,,,https://www.linkedin.com/jobs/view/4374037318,2026-03-12,keyword,,
40,Internal/Senior Auditor,"California State University, Office of the Chancellor","Long Beach, CA",,https://www.linkedin.com/jobs/view/4369154582,2026-03-21,keyword,IT Audit — Los Angeles area,2026-03-27 02:11
40,GRC Analyst,AMISEQ,Remote,,https://www.linkedin.com/jobs/view/4391365622,2026-03-27,keyword,SOX / GRC (US),2026-03-27 02:10
40,GRC Analyst,Wisdom Infotech,"Tampa, FL",,https://www.linkedin.com/jobs/view/4388296318,2026-03-21,keyword,SOX / GRC (US),2026-03-26 13:15
40,Senior Auditor - IT,Inside Higher Ed,"Los Angeles, CA",,https://www.linkedin.com/jobs/view/4387949339,2026-03-20,keyword,IT Audit — Los Angeles area,2026-03-27 02:11
40,Senior Auditor,"Mattel, Inc.","El Segundo, CA",,https://www.linkedin.com/jobs/view/4379265397,2026-03-21,keyword,IT Audit — Los Angeles area,2026-03-27 02:11
40,GRC Consultant,Quanumis Systems,Remote,,https://www.linkedin.com/jobs/view/4392983437,2026-03-30,keyword,SOX / GRC (US),2026-03-31 07:16
40,Senior Auditor - IT,UCLA,"Los Angeles, CA",,https://www.linkedin.com/jobs/view/4387631824,2026-03-20,keyword,Core IT Audit (US),2026-03-27 02:11
40,GRC Analyst I,"VGM Group, Inc.","Waterloo, IA",,https://www.linkedin.com/jobs/view/4391717910,2026-03-27,keyword,SOX / GRC (US),2026-03-31 07:17
40,GRC Analyst,CirrusLabs,"Atlanta, GA",,https://www.linkedin.com/jobs/view/4391711387,2026-03-27,keyword,SOX / GRC (US),2026-03-31 07:17
40,GRC Analyst,Cyderes,"Kansas City, MO",,https://www.linkedin.com/jobs/view/4390886689,2026-03-26,keyword,SOX / GRC (US),2026-03-31 07:18
40,GRC Analyst,BuzzClan,"Houston, TX",,https://www.linkedin.com/jobs/view/4395066707,2026-03-30,keyword,SOX / GRC (US),2026-03-31 07:17
40,GRC Analyst,Tyler Technologies,"Seattle, WA",,https://www.linkedin.com/jobs/view/4392133165,2026-03-30,keyword,SOX / GRC (US),2026-03-31 07:17
40,GRC Consultant (Cybersecurity),InterEx Group,Remote,,https://www.linkedin.com/jobs/view/4395050455,2026-03-30,keyword,SOX / GRC (US),2026-03-31 07:17
40,GRC Analyst,Point Wild,"Boston, MA",,https://www.linkedin.com/jobs/view/4378686713,2026-03-26,keyword,SOX / GRC (US),2026-03-31 07:18
40,GRC Analyst,Inceed,"Houston, TX",,https://www.linkedin.com/jobs/view/4376790069,2026-03-25,keyword,SOX / GRC (US),2026-03-31 07:18
40,GRC Analyst,Veritis Group Inc,"Plano, TX",,https://www.linkedin.com/jobs/view/4391916448,2026-03-26,keyword,SOX / GRC (US),2026-03-31 07:18
40,GRC Analyst,Lumen Resources,"Tampa, FL",,https://www.linkedin.com/jobs/view/4378603352,2026-03-26,keyword,SOX / GRC (US),2026-03-31 07:18
40,GRC Analyst,Radicle Health,"San Francisco, CA",,https://www.linkedin.com/jobs/view/4391175129,2026-03-26,keyword,SOX / GRC (US),2026-03-31 07:18
39,GRC Specialist,Sully.ai,Remote,,https://www.linkedin.com/jobs/view/4387622129,2026-03-18,keyword,SOX / GRC (US),2026-03-26 16:56
38,GRC Manager,Insight Global,"Burlington County, NJ",,https://www.linkedin.com/jobs/view/4388990154,2026-03-23,keyword,SOX / GRC (US),2026-03-27 02:11
38,Information Technology Auditor,Smith Arnold Partners,"Stamford, CT",,https://www.linkedin.com/jobs/view/4389601660,2026-03-25,keyword,Core IT Audit (US),2026-03-26 19:10
38,Senior Mutual Fund/Investment Compliance Analyst II,Pacific Life,"Newport Beach, CA",,https://www.linkedin.com/jobs/view/4389795351,2026-03-24,keyword,GRC / Compliance / Controls — LA area,2026-03-31 07:18
37,"Senior Analyst, IT SOX PMO",SoFi,"New York, NY",,https://www.linkedin.com/jobs/view/4318571381,2026-03-21,keyword,Controls / Internal Audit (US),2026-03-27 02:11
37,GRC Tech Lead,Largeton Group,"New York, NY",,https://www.linkedin.com/jobs/view/4389754465,2026-03-24,keyword,SOX / GRC (US),2026-03-30 19:09
37,Senior SOX IT Analyst,Flywire,"Boston, MA",,https://www.linkedin.com/jobs/view/4382319781,2026-03-28,keyword,SOX / GRC (US),2026-03-30 19:07
37,Senior SOX IT Analyst,Flywire,"Boston, MA",,https://www.linkedin.com/jobs/view/4382127243,2026-03-28,keyword,SOX / GRC (US),2026-03-31 07:17
37,"Manager, IT Audit",Warby Parker,"New York, NY",,https://www.linkedin.com/jobs/view/4381663449,2026-03-27,keyword,CISA required/preferred (US),2026-03-31 07:17
36,IT Controls and Compliance Analyst - SAP,CRH,"Atlanta, GA",,https://www.linkedin.com/jobs/view/4390150605,2026-03-25,keyword,SOX / GRC (US),2026-03-31 07:18
36,"Security Compliance Analyst, GRC",hims & hers,Remote,,https://www.linkedin.com/jobs/view/4391180123,2026-03-26,keyword,SOX / GRC (US),2026-03-31 07:18
36,"Project Controls Analyst - ARB, Inc.",Primoris Services Corporation,"Los Angeles, CA",,https://www.linkedin.com/jobs/view/4371581044,2026-03-27,keyword,GRC / Compliance / Controls — LA area,2026-03-31 07:17
36,Project Controls Analyst - Water Projects - Phoenix 1,Black & Veatch,"Irvine, CA",,https://www.linkedin.com/jobs/view/4368854466,2026-03-19,keyword,GRC / Compliance / Controls — LA area,2026-03-26 07:13
36,Project Controls Analyst,Stantec,"Pasadena, CA",,https://www.linkedin.com/jobs/view/4388105814,2026-03-19,keyword,GRC / Compliance / Controls — LA area,2026-03-26 13:16
36,Clinical Audit Manager,"Advanced Medical Management, Inc.","Long Beach, CA",,https://www.linkedin.com/jobs/view/4388459792,2026-03-24,keyword,GRC / Compliance / Controls — LA area,2026-03-26 19:10
36,Pharmacy Audit Analyst,Optum,"Irvine, CA",,https://www.linkedin.com/jobs/view/4388257272,2026-03-21,keyword,GRC / Compliance / Controls — LA area,2026-03-26 19:11
36,Audit Manager (1 day per week in office),Jobot,"Los Angeles, CA",,https://www.linkedin.com/jobs/view/4386164262,2026-03-21,keyword,GRC / Compliance / Controls — LA area,2026-03-26 19:11
36,"IT Governance, Risk and Compliance Analyst",Federal Express Corporation,"Memphis, TN",,https://www.linkedin.com/jobs/view/4390900167,2026-03-27,keyword,Core IT Audit (US),2026-03-30 19:07
36,Project Controls Analyst (Heavy Civil Construction),Skanska,"Los Angeles, CA",,https://www.linkedin.com/jobs/view/4376228064,2026-03-21,keyword,GRC / Compliance / Controls — LA area,2026-03-27 02:11
36,IT Internal Audit Manager,Accelerant,,,https://www.linkedin.com/jobs/view/4362742001,2026-01-15,keyword,,
36,"Information Security Program Manager - Governance, Risk, & Compliance (GRC)",Upstart,,,https://www.linkedin.com/jobs/view/4384796264,2026-03-18,keyword,,
35,Sr. Compliance Analyst,Pacific Life,"Newport Beach, CA",,https://www.linkedin.com/jobs/view/4389406684,2026-03-24,keyword,GRC / Compliance / Controls — LA area,2026-03-31 02:13
35,Junior FedRAMP Consultant — GRC Analyst I / Technical Writer,"C2 Labs, Inc.","Washington, DC",,https://www.linkedin.com/jobs/view/4390737974,2026-03-26,keyword,SOX / GRC (US),2026-03-31 02:12
35,Staff GRC Analyst,Vercel,Remote,,https://www.linkedin.com/jobs/view/4389993386,2026-03-25,keyword,SOX / GRC (US),2026-03-31 02:12
35,Compliance Analyst ll,Pacific Life,"Newport Beach, CA",,https://www.linkedin.com/jobs/view/4372112656,2026-03-27,keyword,GRC / Compliance / Controls — LA area,2026-03-31 07:17
35,Health Care Compliance Analyst,"Kelly Science, Engineering, Technology & Telecom","Irvine, CA",,https://www.linkedin.com/jobs/view/4390669877,2026-03-26,keyword,GRC / Compliance / Controls — LA area,2026-03-31 07:18
35,IT Compliance Lead,FormFactor Inc.,Remote,,https://www.linkedin.com/jobs/view/4371698545,2026-03-26,keyword,SOX / GRC (US),2026-03-31 07:18
35,Investment Guideline Compliance Analyst,"Apollo Global Management, Inc.","El Segundo, CA",,https://www.linkedin.com/jobs/view/4390154061,2026-03-25,keyword,GRC / Compliance / Controls — LA area,2026-03-31 07:18
35,Healthcare Claims Compliance Analyst / Health Plan Audits Analyst,swipejobs,"Whittier, CA",,https://www.linkedin.com/jobs/view/4378042063,2026-03-24,keyword,GRC / Compliance / Controls — LA area,2026-03-31 02:13
35,Client Billing Compliance Analyst,O'Melveny & Myers LLP,"Los Angeles, CA",,https://www.linkedin.com/jobs/view/4379262141,2026-03-21,keyword,GRC / Compliance / Controls — LA area,2026-03-27 02:11
35,IT Compliance Lead,FormFactor Inc.,"California, United States",,https://www.linkedin.com/jobs/view/4371812055,2026-03-27,keyword,CISA required/preferred (US),2026-03-30 19:07
35,IT Governance Risk Compliance Specialist,Exponential Technology Group,"Dallas, TX",,https://www.linkedin.com/jobs/view/4382183405,2026-03-06,keyword,,
35,Investment Compliance Analyst,TCW,"Los Angeles, CA",,https://www.linkedin.com/jobs/view/4362750748,2026-03-20,keyword,GRC / Compliance / Controls — LA area,2026-03-27 02:11
35,Service Delivery Manager,HARBOR IT,"Remote, US",fulltime,https://www.indeed.com/viewjob?jk=8a686cd69b6891a8,2026-03-25,,,
35,"Program Manager, Enterprise Product & Platform",Great Day Improvements: A Family of Brands,"Twinsburg, OH, US",fulltime,https://www.indeed.com/viewjob?jk=83f29f0cbd3ee6d2,2026-03-25,,,
33,GRC Analyst (Third Party Risk),"SysLogic, Inc.","Brookfield, WI",,https://www.linkedin.com/jobs/view/4383133666,2026-03-13,keyword,,
33,"Disaster Recovery Analyst, GRC",Northwestern Medicine,"Chicago, IL",,https://www.linkedin.com/jobs/view/4378983133,2026-03-04,keyword,,
33,GRC Consultant (Cybersecurity),InterEx Group,,,https://www.linkedin.com/jobs/view/4377745831,2026-03-02,keyword,,
33,Cybersecurity GRC Specialist,MetLife Legal Plans,,,https://www.linkedin.com/jobs/view/4383739844,2026-03-10,keyword,,
33,"Technical Program Manager, Security & GRC",DeepScribe,,,https://www.linkedin.com/jobs/view/4360011030,2026-01-15,keyword,,
32,IT Risk Support Analyst,Covenant HR,,,https://www.linkedin.com/jobs/view/4387852822,2026-03-19,keyword,,
28,Internal Audit Sr. Manager,Owlet Baby Care,,,https://www.linkedin.com/jobs/view/4348369382,2026-03-19,keyword,,
28,Information Security Compliance Analyst,CivicPlus,,,https://www.linkedin.com/jobs/view/4385319961,2026-03-13,keyword,,
28,"Senior Manager, Internal Audit - IT",Angi,"New York, United States",,https://www.linkedin.com/jobs/view/4374137272,2026-03-11,keyword,,
28,Internal Audit Senior,The Bonadio Group,"New Jersey, United States",,https://www.linkedin.com/jobs/view/4389264616,2026-03-23,keyword,,
28,Senior Internal Auditor,Victoria’s Secret & Co.,"Reynoldsburg, OH",,https://www.linkedin.com/jobs/view/4383838848,2026-03-10,keyword,,
25,"Sr. Roster Administrator, Remote","Aledade, Inc.","Arlington, VA, US",fulltime,https://www.indeed.com/viewjob?jk=3c2bbb8d814ecc59,2026-03-25,,,
25,Child Welfare and Education Research Analyst- REMOTE,ICF,"Reston, VA, US",fulltime,https://www.indeed.com/viewjob?jk=82bccd05b1a05273,2026-03-25,,,
25,Medical Cost Projection Analyst,Paradigm Corp,"Remote, US",fulltime,https://www.indeed.com/viewjob?jk=95fbc44f61fa595e,2026-03-25,,,
25,Medical Cost Projection Analyst,Paradigm Corp,"Walnut Creek, CA, US",fulltime,https://www.indeed.com/viewjob?jk=b67797dd4f337c7e,2026-03-25,,,
25,Warehouse Automation Engineer Lead (remote),Ryder System,"Montgomery, AL, US",,https://www.indeed.com/viewjob?jk=50fa3f654c09693d,2026-03-25,,,
25,"Director, Procurement (Remote)","Aledade, Inc.","Arlington, VA, US",fulltime,https://www.indeed.com/viewjob?jk=95de389e1a9f438c,2026-03-25,,,
22,Senior Internal Auditor (Remote),The Bolton Group,"Atlanta, GA",,https://www.linkedin.com/jobs/view/4379420785,2026-03-03,keyword,,
22,Sr. Systems Engineer - GRC Platforms (REMOTE),DICK'S Sporting Goods,,,https://www.linkedin.com/jobs/view/4378909617,,keyword,,
20,"Cyber Risk Analyst, IT DR Specialist","Stanley Black & Decker, Inc.","Towson, MD",,https://www.linkedin.com/jobs/view/4380198941,2026-03-24,keyword,,
20,Cyber & AI Risk Analyst,Alpaca,,,https://www.linkedin.com/jobs/view/4380932187,2026-03-04,keyword,,
20,Technology Risk Analyst,Walker & Dunlop,,,https://www.linkedin.com/jobs/view/4381606392,2026-03-05,keyword,,
18,Head of Internal Audit,Environmental Defense Fund,,,https://www.linkedin.com/jobs/view/4374358719,2026-03-13,keyword,,
18,"Director, Internal Audit & Controls",Real,,,https://www.linkedin.com/jobs/view/4379934712,2026-03-24,keyword,,
15,Java API Developer,eBusiness Solutions Inc.,"Nashville, NC, US",contract,https://www.indeed.com/viewjob?jk=0f01403089c98d66,2026-03-25,,,
15,Senior Security Engineer - GRC,IonQ,"Bothell, WA",,https://www.linkedin.com/jobs/view/4389958443,,keyword,,
15,Senior Internal Auditor,Humana,,,https://www.linkedin.com/jobs/view/4388887172,,keyword,,
15,IT and Marketing Professional,"The Firm, Inc","Remote, US",contract,https://www.indeed.com/viewjob?jk=67529a4465eec07f,2026-03-25,,,
15,Jr. Drupal Application Tester,ITCON Services,"Vienna, VA, US",,https://www.indeed.com/viewjob?jk=45445e29e5878a1d,2026-03-25,,,
13,"Sr. Director, Internal Audit",HighLevel,,,https://www.linkedin.com/jobs/view/4383040153,2026-03-12,keyword,,
8,Vice President of Internal Audit,Bamboo Insurance,,,https://www.linkedin.com/jobs/view/4371165629,2026-03-05,keyword,,
5,Customer Success Coordinator,"Snappt, Inc.","Remote, US","fulltime, contract",https://www.indeed.com/viewjob?jk=9516d26c36c393f7,2026-03-25,,,
5,Independent Medicare Insurance Agents (leads and marketing support available),Exact Medicare,US,"fulltime, contract",https://www.indeed.com/viewjob?jk=7ba86da82fa9a4c3,2026-03-25,,,
0,Psychologist (Remote) Per Diem,Northwell Health,"Mount Kisco, NY, US",perdiem,https://www.indeed.com/viewjob?jk=51998821c2315818,2026-03-25,,,
